,0
0,/mnt/wangyh/TCGA_bladder/TCGA_bladder/66c9a30b-2303-47fa-abe5-85f8ee3abbaf
1,/mnt/wangyh/TCGA_bladder/TCGA_bladder/474e93f2-2ee8-478d-9a87-ab561286535f
2,/mnt/wangyh/TCGA_bladder/TCGA_bladder/9cf7130c-f381-45df-ae0a-c14017637537
3,/mnt/wangyh/TCGA_bladder/TCGA_bladder/1f24af21-9bb4-409f-8bbc-5a0e56d777ab
4,/mnt/wangyh/TCGA_bladder/TCGA_bladder/0fcdc140-1ee5-4c7a-a210-f2b4990690af
5,/mnt/wangyh/TCGA_bladder/TCGA_bladder/28a0ced3-7a6e-45cc-b47c-88686d5816ec
6,/mnt/wangyh/TCGA_bladder/TCGA_bladder/cc9af55a-6ee4-4af3-bd35-8b83ea397663
7,/mnt/wangyh/TCGA_bladder/TCGA_bladder/b78959f2-43fb-419c-83d2-b7ea35c3606a
8,/mnt/wangyh/TCGA_bladder/TCGA_bladder/69d09faa-615f-4923-8342-b8c642790fbf
9,/mnt/wangyh/TCGA_bladder/TCGA_bladder/e50ed4d7-cd6a-48bb-b21a-80e8d5448aea
10,/mnt/wangyh/TCGA_bladder/TCGA_bladder/96027b95-8fc5-435a-b6ae-ec2b924207c2
11,/mnt/wangyh/TCGA_bladder/TCGA_bladder/c15c23f2-aa30-45ce-bc83-0e3158779250
12,/mnt/wangyh/TCGA_bladder/TCGA_bladder/5dd71f48-ba3e-46e4-b1d6-164722a3e06a
13,/mnt/wangyh/TCGA_bladder/TCGA_bladder/62eda100-574d-49b8-8dc3-3f58fbdc38d4
14,/mnt/wangyh/TCGA_bladder/TCGA_bladder/cf1884cf-8262-45b4-841a-e1ef212c0a3a
15,/mnt/wangyh/TCGA_bladder/TCGA_bladder/01442178-dcb4-4cd9-b712-a353bb4c26e1
16,/mnt/wangyh/TCGA_bladder/TCGA_bladder/250924b5-28bb-4fa5-90ad-73a3bd26a1df
17,/mnt/wangyh/TCGA_bladder/TCGA_bladder/200acf45-350a-43e3-aeda-a0d9d977dfd9
18,/mnt/wangyh/TCGA_bladder/TCGA_bladder/b283b2fb-7818-4ec7-83f3-95007f82ea4a
19,/mnt/wangyh/TCGA_bladder/TCGA_bladder/9ad6e540-7062-44a8-ae75-de9851af8c73
20,/mnt/wangyh/TCGA_bladder/TCGA_bladder/3bf47d5d-c183-4934-9c61-62991a2c2bd7
21,/mnt/wangyh/TCGA_bladder/TCGA_bladder/3c117774-3649-41dd-8531-3ec123819b45
22,/mnt/wangyh/TCGA_bladder/TCGA_bladder/e133ed95-c177-41ab-a71f-ad5460ea52b8
23,/mnt/wangyh/TCGA_bladder/TCGA_bladder/86024128-cae6-4424-9fcd-b484aa5e7777
24,/mnt/wangyh/TCGA_bladder/TCGA_bladder/4aa2e296-0bbc-4d28-ba54-7a2cd6bf3196
25,/mnt/wangyh/TCGA_bladder/TCGA_bladder/702ab1dd-5bf0-4cc9-b6ff-147d093d8d1c
26,/mnt/wangyh/TCGA_bladder/TCGA_bladder/86ba814c-a4b2-4b2f-9173-af6de7eaa36a
27,/mnt/wangyh/TCGA_bladder/TCGA_bladder/20675752-a362-4020-9484-0ab8966ea5b5
28,/mnt/wangyh/TCGA_bladder/TCGA_bladder/02dfc73e-c2c3-44a0-b5e8-b83b07c7ad4a
29,/mnt/wangyh/TCGA_bladder/TCGA_bladder/4311c81b-9c1e-4d86-934d-cdc003444da7
30,/mnt/wangyh/TCGA_bladder/TCGA_bladder/ea5a7ac8-371c-4283-86fa-c6e858f51ac7
31,/mnt/wangyh/TCGA_bladder/TCGA_bladder/4460b6fb-b183-4822-b449-f8c7f163f880
32,/mnt/wangyh/TCGA_bladder/TCGA_bladder/a99acd7d-0e83-482f-97e1-e5ef356ded5f
33,/mnt/wangyh/TCGA_bladder/TCGA_bladder/2d4094a1-c7f7-4709-83f3-8d74d5476bad
34,/mnt/wangyh/TCGA_bladder/TCGA_bladder/80797b10-10fc-4b97-8eae-71de50f315e9
35,/mnt/wangyh/TCGA_bladder/TCGA_bladder/eb6a01b7-2fbb-466e-8e42-0aaa350686fe
36,/mnt/wangyh/TCGA_bladder/TCGA_bladder/383812ea-a509-45a8-959d-782c45bac5b8
37,/mnt/wangyh/TCGA_bladder/TCGA_bladder/784a074b-cb4d-40d0-abf1-2870296046b8
38,/mnt/wangyh/TCGA_bladder/TCGA_bladder/4ff908e6-5a63-4af9-b96d-abcab1b86f66
39,/mnt/wangyh/TCGA_bladder/TCGA_bladder/a8576767-b907-4436-93c0-7402090d3187
40,/mnt/wangyh/TCGA_bladder/TCGA_bladder/7643e107-be69-49c7-a77d-1910f576c477
41,/mnt/wangyh/TCGA_bladder/TCGA_bladder/f7020827-c4c0-4af8-ad11-96cf8ed583ca
42,/mnt/wangyh/TCGA_bladder/TCGA_bladder/f9cee804-1f30-4a97-b5ae-55cf24ad220e
43,/mnt/wangyh/TCGA_bladder/TCGA_bladder/7a0697d9-18db-4e52-b243-be06879a9944
44,/mnt/wangyh/TCGA_bladder/TCGA_bladder/c99e6e41-35cc-4c77-a2de-a427fac8c1a2
45,/mnt/wangyh/TCGA_bladder/TCGA_bladder/6f0e003d-dd3e-4c4c-87ea-f435255c3061
46,/mnt/wangyh/TCGA_bladder/TCGA_bladder/a4db0ad7-d28c-4ae0-a59b-19afe959562e
47,/mnt/wangyh/TCGA_bladder/TCGA_bladder/77652963-a12c-426b-ba76-1eed040a8c10
48,/mnt/wangyh/TCGA_bladder/TCGA_bladder/fe9ee61c-f3cb-4d98-8bd4-dde12859a181
49,/mnt/wangyh/TCGA_bladder/TCGA_bladder/0564ad3d-feb1-4281-8086-342c6b2d28ab
50,/mnt/wangyh/TCGA_bladder/TCGA_bladder/c0797cd0-a5aa-4533-8f19-3d5afb1c817e
51,/mnt/wangyh/TCGA_bladder/TCGA_bladder/723e33e6-d719-4af8-a483-272895466a86
52,/mnt/wangyh/TCGA_bladder/TCGA_bladder/24888e1f-487f-408a-82d0-b7947e57f95d
53,/mnt/wangyh/TCGA_bladder/TCGA_bladder/be4b2e0a-7af0-4382-ba00-2bfb2c793acb
54,/mnt/wangyh/TCGA_bladder/TCGA_bladder/a085fe18-1709-417a-a779-fe69f5964766
55,/mnt/wangyh/TCGA_bladder/TCGA_bladder/b86586d0-ba09-4058-8595-63520d4d1b9e
56,/mnt/wangyh/TCGA_bladder/TCGA_bladder/a6679cb9-b463-49b3-a5b5-7e46a79d4b85
57,/mnt/wangyh/TCGA_bladder/TCGA_bladder/8801fa1c-69f5-4e8b-ad0d-c0485b11fe0b
58,/mnt/wangyh/TCGA_bladder/TCGA_bladder/a70f2fd4-7516-4c3f-9683-5eb88bf794f7
59,/mnt/wangyh/TCGA_bladder/TCGA_bladder/6af12c78-f061-42a0-bd3b-3878c7d8c107
60,/mnt/wangyh/TCGA_bladder/TCGA_bladder/c7bcb827-9da0-4b07-8065-3ce01befec13
61,/mnt/wangyh/TCGA_bladder/TCGA_bladder/a5a995d5-ec47-40a9-9f9d-0d2018da5b77
62,/mnt/wangyh/TCGA_bladder/TCGA_bladder/0b063324-af47-4715-8daa-92044ef53bf2
63,/mnt/wangyh/TCGA_bladder/TCGA_bladder/44199673-452b-4ba9-a626-28ea51454eff
64,/mnt/wangyh/TCGA_bladder/TCGA_bladder/55e57542-5604-465f-8071-14e34ff1a2fa
65,/mnt/wangyh/TCGA_bladder/TCGA_bladder/8514fa6d-e28b-4269-997f-2ddefe53905c
66,/mnt/wangyh/TCGA_bladder/TCGA_bladder/40146d2a-5f02-4dfe-9e42-e92174d06d21
67,/mnt/wangyh/TCGA_bladder/TCGA_bladder/e078caea-f32f-4671-b76b-946b37a731fd
68,/mnt/wangyh/TCGA_bladder/TCGA_bladder/636589bf-d553-44b0-bebc-d75c308fb351
69,/mnt/wangyh/TCGA_bladder/TCGA_bladder/f16aaab7-7bac-46c1-a2b0-1451fba208f2
70,/mnt/wangyh/TCGA_bladder/TCGA_bladder/1b3e7310-f11c-4964-ba7a-6331f415bf02
71,/mnt/wangyh/TCGA_bladder/TCGA_bladder/f6f1c724-96f3-45ac-ab48-446fca061d23
72,/mnt/wangyh/TCGA_bladder/TCGA_bladder/8eaf6d51-5b0d-493a-9411-bd8fb06f8251
73,/mnt/wangyh/TCGA_bladder/TCGA_bladder/5b1f9818-efa9-4333-a1db-e35c356d10c6
74,/mnt/wangyh/TCGA_bladder/TCGA_bladder/8d99f088-8d0d-4825-b792-e1ebc012aac3
75,/mnt/wangyh/TCGA_bladder/TCGA_bladder/2ad01582-9313-4252-9cc8-1fcd0195e11f
76,/mnt/wangyh/TCGA_bladder/TCGA_bladder/032cf95b-7b58-4e3a-ba90-8badde0c7b84
77,/mnt/wangyh/TCGA_bladder/TCGA_bladder/64640bd2-b476-4815-a10d-3cb3f44ff97f
78,/mnt/wangyh/TCGA_bladder/TCGA_bladder/2e07a200-4e0f-494d-af4f-db9940baa0ab
79,/mnt/wangyh/TCGA_bladder/TCGA_bladder/638e30db-305d-45e1-a8ec-05d125f72c0b
80,/mnt/wangyh/TCGA_bladder/TCGA_bladder/f179f89b-8a74-4c1a-8b2d-d847ba6f44a3
81,/mnt/wangyh/TCGA_bladder/TCGA_bladder/dcb61908-80d3-496d-be40-f070fab85b7f
82,/mnt/wangyh/TCGA_bladder/TCGA_bladder/2420da3c-ebf8-466a-b4d9-8595b6f20dad
83,/mnt/wangyh/TCGA_bladder/TCGA_bladder/a8e44f7c-85a0-43af-882c-16b148c6dc1e
84,/mnt/wangyh/TCGA_bladder/TCGA_bladder/69ec4071-35cb-44f1-8105-03b934a0058a
85,/mnt/wangyh/TCGA_bladder/TCGA_bladder/eed110f5-f05c-444f-a7bc-6305ef1f9a53
86,/mnt/wangyh/TCGA_bladder/TCGA_bladder/8b8f4cfe-664d-4e7d-bef9-d1a9110958b7
87,/mnt/wangyh/TCGA_bladder/TCGA_bladder/dcb80bf2-320b-4f9f-8905-9272dbf8a889
88,/mnt/wangyh/TCGA_bladder/TCGA_bladder/3015b9b8-c7d3-4e35-8c69-e4d521f880b1
89,/mnt/wangyh/TCGA_bladder/TCGA_bladder/70e383bf-91cb-4a65-b12a-950f365c4d62
90,/mnt/wangyh/TCGA_bladder/TCGA_bladder/0656b32c-0e05-4b85-96b4-8a28d15da81b
91,/mnt/wangyh/TCGA_bladder/TCGA_bladder/a4aab327-6238-4354-a469-9d485503683f
92,/mnt/wangyh/TCGA_bladder/TCGA_bladder/cc7f797d-0d2c-4964-bf6d-de6f7550baae
93,/mnt/wangyh/TCGA_bladder/TCGA_bladder/007a342d-6d2d-472b-afd6-2978c3e588a2
94,/mnt/wangyh/TCGA_bladder/TCGA_bladder/640a2793-a6ee-4560-a963-eb47e85c27ed
95,/mnt/wangyh/TCGA_bladder/TCGA_bladder/a1e8b4e3-d48e-45e6-a45c-d3c14b4ea5f3
96,/mnt/wangyh/TCGA_bladder/TCGA_bladder/efa8dad3-2767-46cf-ad46-927866d54d0f
97,/mnt/wangyh/TCGA_bladder/TCGA_bladder/9ea0cace-d2f9-471f-ae6b-04407c4633b7
98,/mnt/wangyh/TCGA_bladder/TCGA_bladder/00b66b0b-ec99-41c2-896d-019f4c86ca78
99,/mnt/wangyh/TCGA_bladder/TCGA_bladder/4f1b34c8-e2da-4dd9-97f9-86b4ed2e3cec
100,/mnt/wangyh/TCGA_bladder/TCGA_bladder/bff29d20-3a8f-4a5d-a2de-0e142390551d
101,/mnt/wangyh/TCGA_bladder/TCGA_bladder/cb18f447-772e-4a06-b1b5-cf235ab71209
102,/mnt/wangyh/TCGA_bladder/TCGA_bladder/c4771490-1667-42cf-8d2f-706df5b4f34a
103,/mnt/wangyh/TCGA_bladder/TCGA_bladder/8cf7efe0-f20f-4937-b8c3-44a78c3e2174
104,/mnt/wangyh/TCGA_bladder/TCGA_bladder/37293652-bf22-4656-a1e7-6e6f0d49029a
105,/mnt/wangyh/TCGA_bladder/TCGA_bladder/ec8696f3-a103-45fc-9f8e-18a54a7bad45
106,/mnt/wangyh/TCGA_bladder/TCGA_bladder/ea0c559b-d96a-4de7-8e24-8d0f5dfe4063
107,/mnt/wangyh/TCGA_bladder/TCGA_bladder/53508c51-241c-4941-8fab-2aae2c54ed03
108,/mnt/wangyh/TCGA_bladder/TCGA_bladder/a120406a-3b58-4329-9374-bae4eaadfa4b
109,/mnt/wangyh/TCGA_bladder/TCGA_bladder/664b2464-4637-40b6-9701-7d9e69d87224
110,/mnt/wangyh/TCGA_bladder/TCGA_bladder/2c4e42b3-5bc4-4e17-92c9-041413c7485b
111,/mnt/wangyh/TCGA_bladder/TCGA_bladder/4962c0e1-8fb7-4d01-ab55-490f513ec623
112,/mnt/wangyh/TCGA_bladder/TCGA_bladder/e2f437f1-abd6-462f-a829-f23213640d8e
113,/mnt/wangyh/TCGA_bladder/TCGA_bladder/c5cd90e2-6358-4f4e-86b4-ca88823d51c8
114,/mnt/wangyh/TCGA_bladder/TCGA_bladder/76715a6d-d1e1-4780-9d52-a79625b00217
115,/mnt/wangyh/TCGA_bladder/TCGA_bladder/69f39d31-135c-43da-a306-0c9bced7da5c
116,/mnt/wangyh/TCGA_bladder/TCGA_bladder/071fee32-b0dc-4051-97ba-65e6569b6065
117,/mnt/wangyh/TCGA_bladder/TCGA_bladder/4421e178-6798-4604-9900-6b4c643c3b75
118,/mnt/wangyh/TCGA_bladder/TCGA_bladder/1e62759a-5ae0-45e7-9b79-12f450aa7a4c
119,/mnt/wangyh/TCGA_bladder/TCGA_bladder/722be14f-de73-42c5-a01b-cbdc856ff016
120,/mnt/wangyh/TCGA_bladder/TCGA_bladder/1a9f520f-3c39-4f23-a8d9-90d25cc6327b
121,/mnt/wangyh/TCGA_bladder/TCGA_bladder/373dbe78-4e23-4d18-a852-883a55a6f53f
122,/mnt/wangyh/TCGA_bladder/TCGA_bladder/0e320c09-bd9c-445b-b4bc-c272c2f15704
123,/mnt/wangyh/TCGA_bladder/TCGA_bladder/ca0a7ff1-a487-4927-a9f6-f69b6a238fd3
124,/mnt/wangyh/TCGA_bladder/TCGA_bladder/c82a89e1-01ae-45dc-9db5-0e0c911f0b37
125,/mnt/wangyh/TCGA_bladder/TCGA_bladder/ca3fe1b9-0eed-4821-91c6-f3c2d5f0ac0d
126,/mnt/wangyh/TCGA_bladder/TCGA_bladder/83446a9f-ed11-4106-9ac8-972286c8c6fa
127,/mnt/wangyh/TCGA_bladder/TCGA_bladder/175bc22e-c41f-4e2a-815e-261b282fd8bf
128,/mnt/wangyh/TCGA_bladder/TCGA_bladder/ca3038f5-ceb7-4355-aa3b-44057d51e581
129,/mnt/wangyh/TCGA_bladder/TCGA_bladder/a29135be-c1a9-4402-b7a5-47cc8172a5ad
130,/mnt/wangyh/TCGA_bladder/TCGA_bladder/fa95d06a-b753-4bfd-b890-82bd9ddfd974
131,/mnt/wangyh/TCGA_bladder/TCGA_bladder/3d136b19-f5f3-4e53-8ef1-aeac5b6e04c8
132,/mnt/wangyh/TCGA_bladder/TCGA_bladder/4b860476-9bac-40c6-b6ea-8c1aaec737e1
133,/mnt/wangyh/TCGA_bladder/TCGA_bladder/237a7db3-5753-4a2d-9901-2d86eaaebe3f
134,/mnt/wangyh/TCGA_bladder/TCGA_bladder/a8346031-8c7c-48ce-935a-201407ff1b34
135,/mnt/wangyh/TCGA_bladder/TCGA_bladder/0f58bf66-d0e7-4514-b10d-07ccb0a2e108
136,/mnt/wangyh/TCGA_bladder/TCGA_bladder/4f4fb3ea-56bb-4dcf-bd16-72833b9a18c8
137,/mnt/wangyh/TCGA_bladder/TCGA_bladder/94d2ba2b-55c8-45ed-822b-6c8af3d2c129
138,/mnt/wangyh/TCGA_bladder/TCGA_bladder/14f57c47-716f-4174-af0e-0830a2d9b2e3
139,/mnt/wangyh/TCGA_bladder/TCGA_bladder/706b61dc-f3e5-4a5d-850f-d6e223388b15
140,/mnt/wangyh/TCGA_bladder/TCGA_bladder/1642d12f-12fb-4576-8d0d-a4971c7fcf64
141,/mnt/wangyh/TCGA_bladder/TCGA_bladder/96801e78-2025-415a-ad46-780ae379e31a
142,/mnt/wangyh/TCGA_bladder/TCGA_bladder/e73a1081-4a74-483e-84ab-9b4a614a86fb
143,/mnt/wangyh/TCGA_bladder/TCGA_bladder/8805e6a4-3c48-4f9d-ad45-442891b79908
144,/mnt/wangyh/TCGA_bladder/TCGA_bladder/642a7dbb-0b28-4dca-ad2b-287ab7116d8c
145,/mnt/wangyh/TCGA_bladder/TCGA_bladder/f62d76a0-8694-401b-97a6-187ef55ac835
146,/mnt/wangyh/TCGA_bladder/TCGA_bladder/a8e7050d-96d5-43b3-b3bb-78cce6508120
147,/mnt/wangyh/TCGA_bladder/TCGA_bladder/b45fae7b-4ce0-44f5-9712-179566a87b06
148,/mnt/wangyh/TCGA_bladder/TCGA_bladder/4e7750de-b239-4f15-ae32-32293f57f3ec
149,/mnt/wangyh/TCGA_bladder/TCGA_bladder/169f3822-c236-42b4-b160-6d7167e17726
150,/mnt/wangyh/TCGA_bladder/TCGA_bladder/087cf5e8-d649-4b50-993e-36a52ea4a648
151,/mnt/wangyh/TCGA_bladder/TCGA_bladder/fda355ff-222a-4f89-89c4-712b9f845975
152,/mnt/wangyh/TCGA_bladder/TCGA_bladder/429fd062-c0a4-4564-84a3-b2e18ed62341
153,/mnt/wangyh/TCGA_bladder/TCGA_bladder/0218b683-d603-4773-bb86-35c81c11e741
154,/mnt/wangyh/TCGA_bladder/TCGA_bladder/90e18a43-0fac-42c2-88b7-608706da0554
155,/mnt/wangyh/TCGA_bladder/TCGA_bladder/4cabe075-5d8e-4fe3-b58e-188ab4c6d68c
156,/mnt/wangyh/TCGA_bladder/TCGA_bladder/5754bd99-b260-468c-9a8c-636ebfb4b6c5
157,/mnt/wangyh/TCGA_bladder/TCGA_bladder/4e0859ed-94a0-4e14-ab35-2fa7534073c5
158,/mnt/wangyh/TCGA_bladder/TCGA_bladder/7751c918-7e64-433d-975d-ffd609e6b771
159,/mnt/wangyh/TCGA_bladder/TCGA_bladder/278e745d-72e3-4538-8b07-0b9157e605d3
160,/mnt/wangyh/TCGA_bladder/TCGA_bladder/0481eac8-ec0b-4bc8-a184-c9d7b30882cf
161,/mnt/wangyh/TCGA_bladder/TCGA_bladder/4ced8d7d-694b-4504-ac4f-356de7b7847e
162,/mnt/wangyh/TCGA_bladder/TCGA_bladder/ff7d6bdf-b564-41e0-b3e5-2a649423796b
163,/mnt/wangyh/TCGA_bladder/TCGA_bladder/e283de15-4e39-4d25-941d-03cbbe63a6cd
164,/mnt/wangyh/TCGA_bladder/TCGA_bladder/1993e456-516d-4b90-b17d-40d454529a1d
165,/mnt/wangyh/TCGA_bladder/TCGA_bladder/efea7832-44a1-453a-af43-c9267181e8b4
166,/mnt/wangyh/TCGA_bladder/TCGA_bladder/b17fe377-ccb1-48d7-9a7a-ade1c83a5349
167,/mnt/wangyh/TCGA_bladder/TCGA_bladder/54ad0663-36cd-4c28-9ceb-b674c4a004e6
168,/mnt/wangyh/TCGA_bladder/TCGA_bladder/e20c2176-2b57-4cc9-a68a-eb6933bf60b1
169,/mnt/wangyh/TCGA_bladder/TCGA_bladder/00d531be-4e90-485a-8d4d-f47740d5c49b
170,/mnt/wangyh/TCGA_bladder/TCGA_bladder/365a7020-e94e-4ce3-9542-ab19d143f90b
171,/mnt/wangyh/TCGA_bladder/TCGA_bladder/d0949d37-b6d3-458f-8062-00f029a8cc70
172,/mnt/wangyh/TCGA_bladder/TCGA_bladder/c6d6bf6c-cead-4b94-927a-40d4b300dc7c
173,/mnt/wangyh/TCGA_bladder/TCGA_bladder/77622dd0-d2e1-4da8-95fb-6b2180eea107
174,/mnt/wangyh/TCGA_bladder/TCGA_bladder/2f9ad09e-4e71-4b1d-98df-edb777458b9d
175,/mnt/wangyh/TCGA_bladder/TCGA_bladder/bd764527-5aac-4307-a00e-9a5ab36c6bd9
176,/mnt/wangyh/TCGA_bladder/TCGA_bladder/0c4c20c0-a2c5-42ba-b5e1-04a99e06cfe5
177,/mnt/wangyh/TCGA_bladder/TCGA_bladder/aec6ae3a-375a-430a-9411-cd1129d5eca6
178,/mnt/wangyh/TCGA_bladder/TCGA_bladder/4d7c12d3-ef88-4c7b-a494-a1bdc9496318
179,/mnt/wangyh/TCGA_bladder/TCGA_bladder/e7af49fe-73d9-4754-877f-0736824cebd0
180,/mnt/wangyh/TCGA_bladder/TCGA_bladder/7891a10f-a49f-488d-aa91-d230a1239fa5
181,/mnt/wangyh/TCGA_bladder/TCGA_bladder/d9b643d9-005d-4e00-b10f-b392067d4318
182,/mnt/wangyh/TCGA_bladder/TCGA_bladder/947eb4d7-eafa-4748-9aee-1ed60e233c3d
183,/mnt/wangyh/TCGA_bladder/TCGA_bladder/a4551db9-369c-4637-9180-94b86b6ecf1f
184,/mnt/wangyh/TCGA_bladder/TCGA_bladder/317a57fe-a2a6-4acc-bae6-94e9527b288b
185,/mnt/wangyh/TCGA_bladder/TCGA_bladder/bb1acd98-e82a-42be-93d0-99bfb95d1c8d
186,/mnt/wangyh/TCGA_bladder/TCGA_bladder/27f74719-9ef9-4b54-a19e-e9182e19b06e
187,/mnt/wangyh/TCGA_bladder/TCGA_bladder/38739fe8-8b25-4066-966d-1bb225ae13c1
188,/mnt/wangyh/TCGA_bladder/TCGA_bladder/766df057-bbcc-49af-ba90-793429c2915a
189,/mnt/wangyh/TCGA_bladder/TCGA_bladder/409bca43-add7-4c7f-9e4e-483e459a242b
190,/mnt/wangyh/TCGA_bladder/TCGA_bladder/8b013a87-f859-42f1-98a1-217746f1b674
191,/mnt/wangyh/TCGA_bladder/TCGA_bladder/b5da05da-dd9c-424b-a48c-30656548485b
192,/mnt/wangyh/TCGA_bladder/TCGA_bladder/37d487ae-74c6-4ccf-9ebe-c8fe0b9e4dcf
193,/mnt/wangyh/TCGA_bladder/TCGA_bladder/7ff35ca7-1a4e-4201-802a-e364ab33e53b
194,/mnt/wangyh/TCGA_bladder/TCGA_bladder/d8558db7-5675-44e1-ab74-ca6d364de8c0
195,/mnt/wangyh/TCGA_bladder/TCGA_bladder/e264ee04-8c93-4468-a599-a5aae30738c9
196,/mnt/wangyh/TCGA_bladder/TCGA_bladder/c65fef42-cc15-445f-9a45-f30c7c67736e
197,/mnt/wangyh/TCGA_bladder/TCGA_bladder/8021356d-5af7-4084-bcaf-a82a47b0dc61
198,/mnt/wangyh/TCGA_bladder/TCGA_bladder/1a8fc0a8-cd84-4d01-86aa-bf75c1b7fc9e
199,/mnt/wangyh/TCGA_bladder/TCGA_bladder/9b4b0202-1e83-4df8-8c19-af7dcaaaa633
200,/mnt/wangyh/TCGA_bladder/TCGA_bladder/73c59369-ac6f-4263-a654-3d5d734a9ee6
201,/mnt/wangyh/TCGA_bladder/TCGA_bladder/350cb3f7-a92b-412f-b285-22bf818c5156
202,/mnt/wangyh/TCGA_bladder/TCGA_bladder/8179c026-00ee-4f6f-aa7f-2ce2a577ccd8
203,/mnt/wangyh/TCGA_bladder/TCGA_bladder/41e3c23e-bae0-42f9-9b9f-771717a87bb2
204,/mnt/wangyh/TCGA_bladder/TCGA_bladder/fa1f65dd-894b-4a4e-a675-a96779088226
205,/mnt/wangyh/TCGA_bladder/TCGA_bladder/3f2751cf-0699-44c6-8bf4-0208121221fc
206,/mnt/wangyh/TCGA_bladder/TCGA_bladder/2d3b8809-ce5d-4843-ab97-4f5d40b8ec12
207,/mnt/wangyh/TCGA_bladder/TCGA_bladder/f7db97bf-bcb4-4383-afe2-36f549a0bdf0
208,/mnt/wangyh/TCGA_bladder/TCGA_bladder/e3c39d18-255d-4e17-aca5-af519ec7ff4f
209,/mnt/wangyh/TCGA_bladder/TCGA_bladder/de408939-5535-4eed-b193-f9916bc51df3
210,/mnt/wangyh/TCGA_bladder/TCGA_bladder/c02336c7-0a4d-4e4f-98cf-9d4fae455b2b
211,/mnt/wangyh/TCGA_bladder/TCGA_bladder/13d91ba3-634f-421e-bf4a-14252532d97a
212,/mnt/wangyh/TCGA_bladder/TCGA_bladder/32a5150f-7e7a-465b-b851-f14c280b8d1a
213,/mnt/wangyh/TCGA_bladder/TCGA_bladder/6c3a7875-2041-4f7f-94be-a69a22b366d9
214,/mnt/wangyh/TCGA_bladder/TCGA_bladder/385262a9-80ff-49f3-9936-d3af4bd8d560
215,/mnt/wangyh/TCGA_bladder/TCGA_bladder/d0f193e7-b75c-482a-adbd-d5aa25c212cb
216,/mnt/wangyh/TCGA_bladder/TCGA_bladder/07ee6a38-1ee9-475e-a59f-0b9d00c1a173
217,/mnt/wangyh/TCGA_bladder/TCGA_bladder/ea3d866b-c995-4c38-ad7b-514c21da83c1
218,/mnt/wangyh/TCGA_bladder/TCGA_bladder/5fdeee52-ae24-4d8c-b35e-436c6dce4d48
219,/mnt/wangyh/TCGA_bladder/TCGA_bladder/4b88ecb5-126f-472a-ad4e-cc472224b575
220,/mnt/wangyh/TCGA_bladder/TCGA_bladder/742b49e2-5763-42e5-b535-2b273e498f6f
221,/mnt/wangyh/TCGA_bladder/TCGA_bladder/ac901c28-65fa-4aff-9726-d06384f59d6b
222,/mnt/wangyh/TCGA_bladder/TCGA_bladder/99e6b57d-327d-47ad-9aa0-0f7a422a2301
223,/mnt/wangyh/TCGA_bladder/TCGA_bladder/06f32f42-ef83-4cbc-95cb-e8a7afcbf25b
224,/mnt/wangyh/TCGA_bladder/TCGA_bladder/c757ab00-6efa-4a12-9f07-14e5967999f0
225,/mnt/wangyh/TCGA_bladder/TCGA_bladder/1b5b9f8c-8266-4a31-8ac7-fac30e5a5502
226,/mnt/wangyh/TCGA_bladder/TCGA_bladder/8854f318-6e03-4ca9-8bbf-2a97e574e2fd
227,/mnt/wangyh/TCGA_bladder/TCGA_bladder/04dee816-ff34-4043-ad95-491f9e4a6ed3
228,/mnt/wangyh/TCGA_bladder/TCGA_bladder/70136876-5d08-4952-8c38-c3db67c65cc7
229,/mnt/wangyh/TCGA_bladder/TCGA_bladder/11e1a0d6-e8cc-4d78-aa22-67d45fb403d2
230,/mnt/wangyh/TCGA_bladder/TCGA_bladder/478071ff-fe3e-4416-b9df-84d9b752745a
231,/mnt/wangyh/TCGA_bladder/TCGA_bladder/878ea9e6-0188-4812-ab43-e03f56046283
232,/mnt/wangyh/TCGA_bladder/TCGA_bladder/98a97692-4eee-463f-90bf-20f8446e4533
233,/mnt/wangyh/TCGA_bladder/TCGA_bladder/623fedbb-aac8-46cd-a076-1ba725f5dbd6
234,/mnt/wangyh/TCGA_bladder/TCGA_bladder/741d4359-8615-4783-98ab-0f04bb10c52c
235,/mnt/wangyh/TCGA_bladder/TCGA_bladder/f3d654eb-367a-4f4f-a781-d157d30aa819
236,/mnt/wangyh/TCGA_bladder/TCGA_bladder/6d1704da-58bc-425f-8dc6-83cd233fb27d
237,/mnt/wangyh/TCGA_bladder/TCGA_bladder/199c19f2-6656-4960-ad95-d5e365929dc3
238,/mnt/wangyh/TCGA_bladder/TCGA_bladder/cbfa5892-7aef-4d34-8133-1dce2ee58da1
239,/mnt/wangyh/TCGA_bladder/TCGA_bladder/e4149c3c-7d5c-459d-9383-0989a70a7a36
240,/mnt/wangyh/TCGA_bladder/TCGA_bladder/ab94cd06-83c1-4e97-9189-b926c8f715ce
241,/mnt/wangyh/TCGA_bladder/TCGA_bladder/106db19d-cd3d-49a6-96fd-d2c244713124
242,/mnt/wangyh/TCGA_bladder/TCGA_bladder/6d94e519-6dea-42d0-a505-f36ab27f2f3f
243,/mnt/wangyh/TCGA_bladder/TCGA_bladder/ed0cd830-748c-4ce2-a3d1-35a3235b870c
244,/mnt/wangyh/TCGA_bladder/TCGA_bladder/aa5d720c-f74e-4c18-8d34-bb611f27b45d
245,/mnt/wangyh/TCGA_bladder/TCGA_bladder/d9833d0e-979b-4866-bd3b-723d040c0dbc
246,/mnt/wangyh/TCGA_bladder/TCGA_bladder/8261c7c7-972b-4ad6-bdda-0762ee5c4907
247,/mnt/wangyh/TCGA_bladder/TCGA_bladder/72288c10-400e-48ed-b0b2-827a389a9013
248,/mnt/wangyh/TCGA_bladder/TCGA_bladder/790d96d7-1191-4cf7-9c78-3e879723afd8
249,/mnt/wangyh/TCGA_bladder/TCGA_bladder/b547c726-249c-41f2-b33f-95efc7634015
250,/mnt/wangyh/TCGA_bladder/TCGA_bladder/dfa1a04d-b28a-42b6-b35d-b595a4caa797
251,/mnt/wangyh/TCGA_bladder/TCGA_bladder/28de5ceb-ba67-484a-b20d-1b9a129483f8
252,/mnt/wangyh/TCGA_bladder/TCGA_bladder/3fe4dd14-94fa-4e29-943a-f1cbe66713d1
253,/mnt/wangyh/TCGA_bladder/TCGA_bladder/ebc78de4-6e37-4669-80ed-45fb182b0e51
254,/mnt/wangyh/TCGA_bladder/TCGA_bladder/a99cc9d2-0fb1-4e10-8bd3-ca4474333729
255,/mnt/wangyh/TCGA_bladder/TCGA_bladder/4d2ca5b9-16c5-4e43-bf51-8fedf9995228
256,/mnt/wangyh/TCGA_bladder/TCGA_bladder/311847e5-da52-433e-867b-7aac53904457
257,/mnt/wangyh/TCGA_bladder/TCGA_bladder/fcfa9fc6-a71d-409f-a436-31f5a721c431
258,/mnt/wangyh/TCGA_bladder/TCGA_bladder/68fb5196-1a48-4619-9101-4d91054d8c9f
259,/mnt/wangyh/TCGA_bladder/TCGA_bladder/9fd49386-9ab6-4b7f-aeb4-e9a289ea53ce
260,/mnt/wangyh/TCGA_bladder/TCGA_bladder/a0fbe94e-bd00-49e2-8a5f-51b6ae06c16d
261,/mnt/wangyh/TCGA_bladder/TCGA_bladder/4af32d8c-2276-4915-afb8-b6e548607c48
262,/mnt/wangyh/TCGA_bladder/TCGA_bladder/b18e0d07-7f52-4610-9dd1-8afd50dd4217
263,/mnt/wangyh/TCGA_bladder/TCGA_bladder/da73748f-0c9d-47ed-9803-7e8001542917
264,/mnt/wangyh/TCGA_bladder/TCGA_bladder/2c24db2e-4342-4511-8768-05a5f5f3d25c
265,/mnt/wangyh/TCGA_bladder/TCGA_bladder/bd951d94-8a5c-4bd5-a168-7f80b55d2f1b
266,/mnt/wangyh/TCGA_bladder/TCGA_bladder/801f4b0c-876f-40fa-9830-649cb90b3150
267,/mnt/wangyh/TCGA_bladder/TCGA_bladder/300fb12c-08d8-4053-95c4-08449c1f8966
268,/mnt/wangyh/TCGA_bladder/TCGA_bladder/d04836e6-0e71-4f70-ab7b-773ef3d0b017
269,/mnt/wangyh/TCGA_bladder/TCGA_bladder/f7006cc5-8462-4c5b-ba2d-7a5593547c8d
270,/mnt/wangyh/TCGA_bladder/TCGA_bladder/60b3ea08-bd22-47dc-8c48-ca9fced5a131
271,/mnt/wangyh/TCGA_bladder/TCGA_bladder/0f5b4de3-f7ed-4439-bf2d-621d0af6a2a3
272,/mnt/wangyh/TCGA_bladder/TCGA_bladder/04a64d2e-43dc-4421-9c96-37e8be1d3d92
273,/mnt/wangyh/TCGA_bladder/TCGA_bladder/65a8e22e-382f-42f5-ae97-851e164314aa
274,/mnt/wangyh/TCGA_bladder/TCGA_bladder/ee23d9c8-32a3-477f-a3dc-2f2e8e67af66
275,/mnt/wangyh/TCGA_bladder/TCGA_bladder/02d98dbb-85e0-4eb8-8184-7b54dc28049c
276,/mnt/wangyh/TCGA_bladder/TCGA_bladder/00f14e1f-ede0-4969-b86b-7dcb298d31ad
277,/mnt/wangyh/TCGA_bladder/TCGA_bladder/331b0e9c-3c80-4fc0-a0a7-7787b5f178b5
278,/mnt/wangyh/TCGA_bladder/TCGA_bladder/81c89790-4e48-4314-8b9f-89925a9d51c3
279,/mnt/wangyh/TCGA_bladder/TCGA_bladder/d1becbe5-78d6-46f1-952f-f66796856883
280,/mnt/wangyh/TCGA_bladder/TCGA_bladder/8bdbd9e0-e9a0-4d96-b955-883c59de7b1e
281,/mnt/wangyh/TCGA_bladder/TCGA_bladder/944a44c3-567a-43a5-b8e2-257b5bd92cba
282,/mnt/wangyh/TCGA_bladder/TCGA_bladder/bd498605-3c8a-48cf-a47f-ec98b4c606d7
283,/mnt/wangyh/TCGA_bladder/TCGA_bladder/24790043-229c-4158-8fb8-c26da3ffa38a
284,/mnt/wangyh/TCGA_bladder/TCGA_bladder/99adc1d5-dd49-4050-a9ba-8077f6856bf1
285,/mnt/wangyh/TCGA_bladder/TCGA_bladder/9d404614-bf77-44cb-af2b-3d9340b9424c
286,/mnt/wangyh/TCGA_bladder/TCGA_bladder/2ed29989-3495-4251-987d-e7a151bd56b6
287,/mnt/wangyh/TCGA_bladder/TCGA_bladder/29b268b2-725f-4242-a805-a40f5f5673e1
288,/mnt/wangyh/TCGA_bladder/TCGA_bladder/f496fd92-599f-42a8-a5ef-816bb8791b23
289,/mnt/wangyh/TCGA_bladder/TCGA_bladder/63d84fac-fd5b-4dc5-978c-9c43592e6af4
290,/mnt/wangyh/TCGA_bladder/TCGA_bladder/958120bc-7e12-464a-81fb-ef8caf2b823f
291,/mnt/wangyh/TCGA_bladder/TCGA_bladder/f4ca3ddd-dc53-4ab0-b55b-942603b64e57
292,/mnt/wangyh/TCGA_bladder/TCGA_bladder/0191fe38-21c0-4e46-8af8-d37bc71a7c1f
293,/mnt/wangyh/TCGA_bladder/TCGA_bladder/17f2e1a9-1bde-4a80-8f98-dc3dcb767344
294,/mnt/wangyh/TCGA_bladder/TCGA_bladder/76811504-1751-46f4-bfea-496a54d5f045
295,/mnt/wangyh/TCGA_bladder/TCGA_bladder/e20518de-45be-42cf-b880-ff9547b525c6
296,/mnt/wangyh/TCGA_bladder/TCGA_bladder/357cbd39-d23a-4a11-b23f-f804351536ae
297,/mnt/wangyh/TCGA_bladder/TCGA_bladder/95cbd3e7-5d6a-428a-a2de-1c20b56896f6
298,/mnt/wangyh/TCGA_bladder/TCGA_bladder/c45debec-123e-4d25-a5b3-5e4bef5c7d5f
299,/mnt/wangyh/TCGA_bladder/TCGA_bladder/26a18071-22a9-413c-bb84-f099f12da54d
300,/mnt/wangyh/TCGA_bladder/TCGA_bladder/16c68e40-fc90-495a-b856-fe1f11f82143
301,/mnt/wangyh/TCGA_bladder/TCGA_bladder/623a2751-bade-4d91-9b8e-addd485d0cf9
302,/mnt/wangyh/TCGA_bladder/TCGA_bladder/f3f90a2f-cf68-4835-9233-f8fe5d528858
303,/mnt/wangyh/TCGA_bladder/TCGA_bladder/f2a9cd7d-b917-4374-ba2e-63e9f989ee13
304,/mnt/wangyh/TCGA_bladder/TCGA_bladder/c833499f-4d59-4f76-bcb8-447e9c4edb41
305,/mnt/wangyh/TCGA_bladder/TCGA_bladder/fe9fd668-2122-401c-8b8d-955969082f61
306,/mnt/wangyh/TCGA_bladder/TCGA_bladder/66119642-bd0f-4108-b80a-08a14de5a7d4
307,/mnt/wangyh/TCGA_bladder/TCGA_bladder/f65ebefe-f7ec-48f6-b134-082f03ac42e6
308,/mnt/wangyh/TCGA_bladder/TCGA_bladder/c88736ab-9111-4233-b917-f9429565efa9
309,/mnt/wangyh/TCGA_bladder/TCGA_bladder/6ce1b76f-5450-4774-8d79-3cd327a96039
310,/mnt/wangyh/TCGA_bladder/TCGA_bladder/1efb5e6f-788c-4230-90d6-f6a9014d8e97
311,/mnt/wangyh/TCGA_bladder/TCGA_bladder/1fa739c1-75f2-433b-91c7-f743bdf0fce0
312,/mnt/wangyh/TCGA_bladder/TCGA_bladder/613f9ee2-07d2-4ec7-98b5-335e3eb164cd
313,/mnt/wangyh/TCGA_bladder/TCGA_bladder/25f03103-4ab7-4a91-9935-9885815f23de
314,/mnt/wangyh/TCGA_bladder/TCGA_bladder/bbc2cde4-6666-445a-a948-f2d069bed647
315,/mnt/wangyh/TCGA_bladder/TCGA_bladder/fa616c8a-5a57-42c7-8348-ed325bc3937e
316,/mnt/wangyh/TCGA_bladder/TCGA_bladder/2045b568-d48f-45b6-93bd-7edfa193e0a5
317,/mnt/wangyh/TCGA_bladder/TCGA_bladder/8229c2df-d006-4e70-b80b-7d1b167684e0
318,/mnt/wangyh/TCGA_bladder/TCGA_bladder/d8761514-b9c9-469f-ad17-b425d3bef7d9
319,/mnt/wangyh/TCGA_bladder/TCGA_bladder/9fc53f5f-0eee-4fe1-b78f-aec57c9266d1
320,/mnt/wangyh/TCGA_bladder/TCGA_bladder/4d2d1928-abac-4604-becc-d73dac15bfed
321,/mnt/wangyh/TCGA_bladder/TCGA_bladder/c54a93a7-8715-42b6-889d-5d80b5caffd7
322,/mnt/wangyh/TCGA_bladder/TCGA_bladder/963a3870-33f9-4c96-8eac-ecd641c254bf
323,/mnt/wangyh/TCGA_bladder/TCGA_bladder/e4d92f12-b4c5-430c-87cd-65a8d256c6e2
324,/mnt/wangyh/TCGA_bladder/TCGA_bladder/9e56e37f-51e4-49b0-a8ca-de0d81109bd5
325,/mnt/wangyh/TCGA_bladder/TCGA_bladder/36eb2b83-2f98-418d-a9d8-e894b1beb249
326,/mnt/wangyh/TCGA_bladder/TCGA_bladder/ba378a22-d8ab-4818-9a27-fa071001d133
327,/mnt/wangyh/TCGA_bladder/TCGA_bladder/6bbad166-48be-48c4-8c2d-f2c5be916818
328,/mnt/wangyh/TCGA_bladder/TCGA_bladder/2171af63-ac14-4e4c-845d-4e044fd82b98
329,/mnt/wangyh/TCGA_bladder/TCGA_bladder/8ecf5ffc-7698-40d9-bb6f-0bbba2e22de6
330,/mnt/wangyh/TCGA_bladder/TCGA_bladder/012f9e9a-787a-4f85-8b1f-297e8bf2431d
331,/mnt/wangyh/TCGA_bladder/TCGA_bladder/de773e4a-3d52-4e84-9872-547d365f4a41
332,/mnt/wangyh/TCGA_bladder/TCGA_bladder/31d99116-e4a6-4b7a-99dc-ae212c508555
333,/mnt/wangyh/TCGA_bladder/TCGA_bladder/2ab88439-c09e-46bb-8610-9f9234b5dc09
334,/mnt/wangyh/TCGA_bladder/TCGA_bladder/6db55aac-f8dd-47ff-9a08-da3f1cacdfde
335,/mnt/wangyh/TCGA_bladder/TCGA_bladder/8c5a66d9-2dfa-4817-b21b-92d769647ea5
336,/mnt/wangyh/TCGA_bladder/TCGA_bladder/9a6758b1-91e3-411e-9de1-00a1b63bc187
337,/mnt/wangyh/TCGA_bladder/TCGA_bladder/7f9d0ec7-f660-485f-821c-0bc34a0e451d
338,/mnt/wangyh/TCGA_bladder/TCGA_bladder/071f81b2-504f-4b36-9c81-b24e82364669
339,/mnt/wangyh/TCGA_bladder/TCGA_bladder/b9b4b3ba-e0b2-43a0-acf6-e78c651cf25a
340,/mnt/wangyh/TCGA_bladder/TCGA_bladder/e985b2b4-dde3-4c7b-a20e-868dd29a431c
341,/mnt/wangyh/TCGA_bladder/TCGA_bladder/f7e972c2-1b08-4002-a718-307f601e516c
342,/mnt/wangyh/TCGA_bladder/TCGA_bladder/0f53a080-c903-45a4-81eb-344859bdead5
343,/mnt/wangyh/TCGA_bladder/TCGA_bladder/0f9da70b-afb3-4177-8888-da8866861375
344,/mnt/wangyh/TCGA_bladder/TCGA_bladder/1b23bd8b-45c6-4819-8363-09ff3282290f
345,/mnt/wangyh/TCGA_bladder/TCGA_bladder/f2cd1dc2-5d66-491c-8fd6-fd6792979dca
346,/mnt/wangyh/TCGA_bladder/TCGA_bladder/153deaff-1f21-4daf-bc1b-49f1f531b3dd
347,/mnt/wangyh/TCGA_bladder/TCGA_bladder/bc09ee8e-ff24-4635-852f-84cabce80c0f
348,/mnt/wangyh/TCGA_bladder/TCGA_bladder/0b804fd8-70c4-458d-a172-3329118ca6d3
349,/mnt/wangyh/TCGA_bladder/TCGA_bladder/5a6f7a33-3599-4473-ba02-4d97b18ad08d
350,/mnt/wangyh/TCGA_bladder/TCGA_bladder/e6d859da-0cf2-44b2-8e5e-bfef9f8b7994
351,/mnt/wangyh/TCGA_bladder/TCGA_bladder/e618f67d-ccdc-459a-9a3c-ff4709a2394c
352,/mnt/wangyh/TCGA_bladder/TCGA_bladder/05e99737-1738-432d-bf0e-7ca0bbb11c31
353,/mnt/wangyh/TCGA_bladder/TCGA_bladder/9e407fdd-7bf9-4c55-8134-fb9b602b2170
354,/mnt/wangyh/TCGA_bladder/TCGA_bladder/63a42a79-93e6-456c-957e-94b97ad35600
355,/mnt/wangyh/TCGA_bladder/TCGA_bladder/4d6d4c34-d982-40a6-8ac1-00b2ec3f3278
356,/mnt/wangyh/TCGA_bladder/TCGA_bladder/bd8cbf26-2f1a-46a2-a40b-db3740fec1ac
357,/mnt/wangyh/TCGA_bladder/TCGA_bladder/e90ce1a5-c6e3-48b2-87f2-90ae8666569d
358,/mnt/wangyh/TCGA_bladder/TCGA_bladder/90a6bf6f-d9a0-46b4-a2f2-1e59f641ab15
359,/mnt/wangyh/TCGA_bladder/TCGA_bladder/f2230394-f47d-4d8f-8966-b6a8dd20b20e
360,/mnt/wangyh/TCGA_bladder/TCGA_bladder/2e7245ca-09cd-4b3c-9f21-a6cfbb90b1e1
361,/mnt/wangyh/TCGA_bladder/TCGA_bladder/fc17b4b6-d5a6-49e6-9d26-9e74f8e0c165
362,/mnt/wangyh/TCGA_bladder/TCGA_bladder/8aff72f1-c2f0-4be0-8be8-6d48cfdff11a
363,/mnt/wangyh/TCGA_bladder/TCGA_bladder/481bf8fd-ff96-497b-8dfa-03f881fbcc71
364,/mnt/wangyh/TCGA_bladder/TCGA_bladder/c24249a5-5c1a-492b-a8c1-291fcb80b42d
365,/mnt/wangyh/TCGA_bladder/TCGA_bladder/8abcf902-098e-436a-b119-c160087f8c92
366,/mnt/wangyh/TCGA_bladder/TCGA_bladder/75091308-2235-49cd-96ed-26c56c97c2ae
367,/mnt/wangyh/TCGA_bladder/TCGA_bladder/1605621a-7385-4465-91fb-b706c8e25787
368,/mnt/wangyh/TCGA_bladder/TCGA_bladder/da33060f-a6f1-436d-952c-d470eef5e311
369,/mnt/wangyh/TCGA_bladder/TCGA_bladder/e76d81db-352c-45ec-8b3c-f64468e3a42e
370,/mnt/wangyh/TCGA_bladder/TCGA_bladder/66894b8c-5c53-498c-b50d-f1193f53b7a2
371,/mnt/wangyh/TCGA_bladder/TCGA_bladder/fb7e3a1a-9e28-485c-8d40-b17627146c96
372,/mnt/wangyh/TCGA_bladder/TCGA_bladder/10780f48-49c3-454a-a0dd-43f8a818abd2
373,/mnt/wangyh/TCGA_bladder/TCGA_bladder/ee44f40e-69a1-41f3-83a2-b4307c3e1d5a
374,/mnt/wangyh/TCGA_bladder/TCGA_bladder/ca905581-20aa-40a9-a176-54608922d878
375,/mnt/wangyh/TCGA_bladder/TCGA_bladder/a20fcc42-7923-4b5c-90e2-38e3b7c9ce6a
376,/mnt/wangyh/TCGA_bladder/TCGA_bladder/adee8df6-2d5a-4f49-b058-4a92ad3995da
377,/mnt/wangyh/TCGA_bladder/TCGA_bladder/e3468c66-4b82-4e13-9c94-a04d4947a494
378,/mnt/wangyh/TCGA_bladder/TCGA_bladder/d1a60f8d-bf86-464c-b578-9e1f18dbcf1e
379,/mnt/wangyh/TCGA_bladder/TCGA_bladder/8253fcdf-f5cc-4c6b-9385-8a8d88bb7d6b
380,/mnt/wangyh/TCGA_bladder/TCGA_bladder/8133df50-8750-46c4-bacb-98d39d076aa7
381,/mnt/wangyh/TCGA_bladder/TCGA_bladder/7ad45829-ddff-4b03-900f-651eddded4c9
382,/mnt/wangyh/TCGA_bladder/TCGA_bladder/69f43c53-48f7-4d37-a5fa-b28a4a4ff423
383,/mnt/wangyh/TCGA_bladder/TCGA_bladder/ed3f78f9-cbfc-446f-9816-f9774ccc07a2
384,/mnt/wangyh/TCGA_bladder/TCGA_bladder/54ccdd03-c424-4e25-9671-1ed18e095821
385,/mnt/wangyh/TCGA_bladder/TCGA_bladder/3bf7b663-beae-41ed-a6d7-4535df083fe5
386,/mnt/wangyh/TCGA_bladder/TCGA_bladder/f07e99e8-1876-48b5-b1fa-1543ea874da3
387,/mnt/wangyh/TCGA_bladder/TCGA_bladder/bb6b40fe-670e-4fac-8c46-ded3a5f63d75
388,/mnt/wangyh/TCGA_bladder/TCGA_bladder/4c35d2a3-cddc-4180-b173-22807ebda8d9
389,/mnt/wangyh/TCGA_bladder/TCGA_bladder/fbc28279-1401-4312-b41a-03be510af446
390,/mnt/wangyh/TCGA_bladder/TCGA_bladder/b9370942-f58b-4ac0-b7cd-fd0369830aa2
391,/mnt/wangyh/TCGA_bladder/TCGA_bladder/40ebd187-030a-4e7c-ba5e-76a69ae555ce
392,/mnt/wangyh/TCGA_bladder/TCGA_bladder/848dcc92-ddb1-441c-b8f5-cc7b9447b222
393,/mnt/wangyh/TCGA_bladder/TCGA_bladder/886d71e2-e5c3-42d5-8a75-646814b3624e
394,/mnt/wangyh/TCGA_bladder/TCGA_bladder/b59f78d8-3f96-475f-b685-4932fd976177
395,/mnt/wangyh/TCGA_bladder/TCGA_bladder/b18ffb29-2ac7-4d4e-a470-cbbb726d59ee
396,/mnt/wangyh/TCGA_bladder/TCGA_bladder/bb3c07ec-7494-4cb5-a549-8d87ad741ba4
397,/mnt/wangyh/TCGA_bladder/TCGA_bladder/57e5981d-94c6-4a4c-bb93-b3fff877b495
398,/mnt/wangyh/TCGA_bladder/TCGA_bladder/d6a7f61e-d059-40f5-b87e-3dcce5a29ee8
399,/mnt/wangyh/TCGA_bladder/TCGA_bladder/4ea54b84-5f0a-4177-b073-b84fca21d160
400,/mnt/wangyh/TCGA_bladder/TCGA_bladder/eb56ad4f-0af4-4816-9aa4-9f401b9cc029
401,/mnt/wangyh/TCGA_bladder/TCGA_bladder/1d4b61ee-5744-4a5f-a182-230d7b20f103
402,/mnt/wangyh/TCGA_bladder/TCGA_bladder/480e40d2-2c29-407a-ab7c-bf053a2ca587
403,/mnt/wangyh/TCGA_bladder/TCGA_bladder/ca218b41-304f-4409-83b2-762512b06a5f
404,/mnt/wangyh/TCGA_bladder/TCGA_bladder/d2e43ec6-5027-4f2c-932b-28a681da7cd9
405,/mnt/wangyh/TCGA_bladder/TCGA_bladder/6c741780-9e05-470e-9f31-4787b99738b3
406,/mnt/wangyh/TCGA_bladder/TCGA_bladder/39226d80-e929-422b-8f41-7b4f87417c52
407,/mnt/wangyh/TCGA_bladder/TCGA_bladder/f39bc217-43df-4f81-8000-ae603bd6ae86
408,/mnt/wangyh/TCGA_bladder/TCGA_bladder/99b11413-0af0-4541-95a0-76fe6a1f4017
409,/mnt/wangyh/TCGA_bladder/TCGA_bladder/09b69c40-5d13-4769-84c9-c6611140c15d
410,/mnt/wangyh/TCGA_bladder/TCGA_bladder/4910a680-eb42-434a-b5cf-153a3bea2d22
411,/mnt/wangyh/TCGA_bladder/TCGA_bladder/37226685-c67b-489a-b390-d28b290eabc3
412,/mnt/wangyh/TCGA_bladder/TCGA_bladder/21e91565-a65e-42cc-b5ac-49cab3a431a5
413,/mnt/wangyh/TCGA_bladder/TCGA_bladder/162ff29b-1bc2-443b-8443-a02cc01ee457
414,/mnt/wangyh/TCGA_bladder/TCGA_bladder/6b29de8a-5434-49f0-9f2c-c2fc4ff0b82b
415,/mnt/wangyh/TCGA_bladder/TCGA_bladder/edcf4ae6-c985-40ad-aff4-a0ce31b46aeb
416,/mnt/wangyh/TCGA_bladder/TCGA_bladder/b1c30f09-e9f9-41eb-90ea-7e477136a8b1
417,/mnt/wangyh/TCGA_bladder/TCGA_bladder/bbf670ba-1c44-4dcc-bc43-98cb5dde3a58
418,/mnt/wangyh/TCGA_bladder/TCGA_bladder/f76f460b-2b85-4d79-b0e0-f352526bcb37
419,/mnt/wangyh/TCGA_bladder/TCGA_bladder/c791b9dd-9945-44b8-b21f-04d87e14c488
420,/mnt/wangyh/TCGA_bladder/TCGA_bladder/4a8e94ff-4135-431a-91dc-b53eda982514
421,/mnt/wangyh/TCGA_bladder/TCGA_bladder/f89de2b6-5f04-420c-9f3d-675928313c78
422,/mnt/wangyh/TCGA_bladder/TCGA_bladder/f48a737e-7b25-4194-9eee-de8da98a82a0
423,/mnt/wangyh/TCGA_bladder/TCGA_bladder/44f9dbf5-7683-4bb4-9f48-9c281d2fdc86
424,/mnt/wangyh/TCGA_bladder/TCGA_bladder/5da5dc42-e676-4068-83a6-9ee2367306f0
425,/mnt/wangyh/TCGA_bladder/TCGA_bladder/74711b62-9096-4b04-b586-7271c5311d7d
426,/mnt/wangyh/TCGA_bladder/TCGA_bladder/962d3290-06dc-4368-a432-5ae171304722
427,/mnt/wangyh/TCGA_bladder/TCGA_bladder/2958a689-1403-4ff2-9bbd-60d5239bf72c
428,/mnt/wangyh/TCGA_bladder/TCGA_bladder/3dcec094-521c-4523-ad59-2b6a92df8208
429,/mnt/wangyh/TCGA_bladder/TCGA_bladder/38941c21-f75c-4af2-9a11-2d159c246eab
430,/mnt/wangyh/TCGA_bladder/TCGA_bladder/dddf8b78-1e6d-4d0d-b72d-a9b518181a00
431,/mnt/wangyh/TCGA_bladder/TCGA_bladder/7413d41a-e7c4-45ec-8505-0c2ed9d13af2
432,/mnt/wangyh/TCGA_bladder/TCGA_bladder/fa0e040b-092e-4b0c-a28f-6547fe4123fd
433,/mnt/wangyh/TCGA_bladder/TCGA_bladder/121b0ee0-8a97-4d8e-8cde-f8bb7d6f088b
434,/mnt/wangyh/TCGA_bladder/TCGA_bladder/cdf8a190-3f7f-4c9a-a5a1-8b63833bfd6c
435,/mnt/wangyh/TCGA_bladder/TCGA_bladder/1a985a2b-c025-4336-a0f5-8b13fbbbba91
436,/mnt/wangyh/TCGA_bladder/TCGA_bladder/95beb95d-34d7-4903-83e8-242ded21cc20
437,/mnt/wangyh/TCGA_bladder/TCGA_bladder/724d0c82-be90-408c-9bc5-75e74137307d
438,/mnt/wangyh/TCGA_bladder/TCGA_bladder/2fce1392-6652-45e7-b1fa-4f049ef2b83a
439,/mnt/wangyh/TCGA_bladder/TCGA_bladder/c2a8d533-ddd2-46c4-8cc1-9a475d8a029f
440,/mnt/wangyh/TCGA_bladder/TCGA_bladder/f016a15a-34a1-453e-b7b7-4846df139fbc
441,/mnt/wangyh/TCGA_bladder/TCGA_bladder/defa18ac-ed19-4a04-84c4-0bf618882153
442,/mnt/wangyh/TCGA_bladder/TCGA_bladder/8425a8ec-8f9c-40c4-a8e4-17134a3b3d37
443,/mnt/wangyh/TCGA_bladder/TCGA_bladder/49839b8d-742a-41da-81fe-bb0f610b6316
444,/mnt/wangyh/TCGA_bladder/TCGA_bladder/2116c300-f48a-47ac-8862-1602ca23ba99
445,/mnt/wangyh/TCGA_bladder/TCGA_bladder/c7b43e27-0370-47f7-ad48-3959d0337f50
446,/mnt/wangyh/TCGA_bladder/TCGA_bladder/32ed8070-bc57-4454-8a59-0a20aa554c7d
447,/mnt/wangyh/TCGA_bladder/TCGA_bladder/192e25d4-ebbf-430a-a363-8b92a671dd44
448,/mnt/wangyh/TCGA_bladder/TCGA_bladder/86fe4489-ee3e-4bd6-8bb2-74f1392b40bc
449,/mnt/wangyh/TCGA_bladder/TCGA_bladder/246e980c-c657-4f0f-9245-ae5737b67caf
450,/mnt/wangyh/TCGA_bladder/TCGA_bladder/08387ecf-22f5-4c5a-97a2-f274efd1a622
451,/mnt/wangyh/TCGA_bladder/TCGA_bladder/67a4562c-3ba1-4ad1-a853-5203abfebc37
452,/mnt/wangyh/TCGA_bladder/TCGA_bladder/c1fe25ca-2794-4f22-b462-534312e18905
453,/mnt/wangyh/TCGA_bladder/TCGA_bladder/a5328381-231d-437e-9bf7-35d59f86f979
454,/mnt/wangyh/TCGA_bladder/TCGA_bladder/58e4093c-5874-41ef-908f-861d09dcd6d6
455,/mnt/wangyh/TCGA_bladder/TCGA_bladder/28ebbb69-6d0c-43aa-af53-19d268eaf6bd
456,/mnt/wangyh/TCGA_bladder/TCGA_bladder/bf5a00e8-ec96-4ebd-ae8d-012f0575922a
